{
    "name": "root",
    "metadata": {
        "timer_format_version": "0.1.0",
        "start_time_seconds": "1590415395",
        "python_version": "3.7.3 (default, Oct 11 2019, 19:39:43) \n[Clang 11.0.0 (clang-1100.0.33.12)]",
        "command_line_arguments": "/Users/alexandrecarqueja/Python/3.7/bin/mlagents-learn config/trainingConfig.yaml --run-id=firstTraining --force",
        "mlagents_version": "0.16.0",
        "mlagents_envs_version": "0.16.0",
        "communication_protocol_version": "1.0.0",
        "tensorflow_version": "2.1.0",
        "end_time_seconds": "1590415471"
    },
    "total": 76.324881809,
    "count": 1,
    "self": 0.003681791000005319,
    "children": {
        "run_training.setup": {
            "total": 0.012518913000000076,
            "count": 1,
            "self": 0.012518913000000076
        },
        "TrainerController.start_learning": {
            "total": 76.308681105,
            "count": 1,
            "self": 1.896867154000006,
            "children": {
                "TrainerController._reset_env": {
                    "total": 14.406887471000001,
                    "count": 1,
                    "self": 14.406887471000001
                },
                "TrainerController.advance": {
                    "total": 60.00492648,
                    "count": 1,
                    "self": 2.091400000381327e-05,
                    "children": {
                        "env_step": {
                            "total": 60.004905566,
                            "count": 1,
                            "self": 60.00488523199999,
                            "children": {
                                "SubprocessEnvManager._take_step": {
                                    "total": 2.0334000002009134e-05,
                                    "count": 1,
                                    "self": 2.0334000002009134e-05
                                }
                            }
                        }
                    }
                }
            }
        }
    }
}