{
    "name": "root",
    "gauges": {
        "firstTraining_PuzzleBehaviour.Policy.Entropy.mean": {
            "value": 2.441258668899536,
            "min": 2.441258668899536,
            "max": 2.4842755794525146,
            "count": 17
        },
        "firstTraining_PuzzleBehaviour.Environment.EpisodeLength.mean": {
            "value": 18.08108108108108,
            "min": 18.08108108108108,
            "max": 19.0,
            "count": 17
        },
        "firstTraining_PuzzleBehaviour.Policy.ExtrinsicValueEstimate.mean": {
            "value": 4.709343433380127,
            "min": -0.7630847096443176,
            "max": 4.709343433380127,
            "count": 17
        },
        "firstTraining_PuzzleBehaviour.Environment.CumulativeReward.mean": {
            "value": 142.03846153846155,
            "min": 6.02,
            "max": 142.03846153846155,
            "count": 17
        },
        "firstTraining_PuzzleBehaviour.Policy.ExtrinsicReward.mean": {
            "value": 142.03846153846155,
            "min": 6.02,
            "max": 142.03846153846155,
            "count": 17
        },
        "firstTraining_PuzzleBehaviour.IsTraining.mean": {
            "value": 1.0,
            "min": 1.0,
            "max": 1.0,
            "count": 17
        },
        "firstTraining_PuzzleBehaviour.Losses.ValueLoss.mean": {
            "value": 14995.109375,
            "min": 3785.152587890625,
            "max": 34011.39453125,
            "count": 10
        },
        "firstTraining_PuzzleBehaviour.Losses.PolicyLoss.mean": {
            "value": 0.38832953572273254,
            "min": 0.19569894671440125,
            "max": 0.4879733622074127,
            "count": 10
        },
        "firstTraining_PuzzleBehaviour.Policy.LearningRate.mean": {
            "value": 2.904090069932863e-05,
            "min": 2.904090069932863e-05,
            "max": 2.99035800708225e-05,
            "count": 10
        }
    },
    "metadata": {
        "timer_format_version": "0.1.0",
        "start_time_seconds": "1590424067",
        "python_version": "3.7.3 (default, Oct 11 2019, 19:39:43) \n[Clang 11.0.0 (clang-1100.0.33.12)]",
        "command_line_arguments": "/Users/alexandrecarqueja/Python/3.7/bin/mlagents-learn config/trainingConfig.yaml --run-id=firstTraining --force",
        "mlagents_version": "0.16.0",
        "mlagents_envs_version": "0.16.0",
        "communication_protocol_version": "1.0.0",
        "tensorflow_version": "2.1.0",
        "end_time_seconds": "1590424492"
    },
    "total": 425.779534333,
    "count": 1,
    "self": 0.006618423000020357,
    "children": {
        "run_training.setup": {
            "total": 0.015801600000000082,
            "count": 1,
            "self": 0.015801600000000082
        },
        "TrainerController.start_learning": {
            "total": 425.75711431,
            "count": 1,
            "self": 11.255778501999544,
            "children": {
                "TrainerController._reset_env": {
                    "total": 4.190388420000001,
                    "count": 1,
                    "self": 4.190388420000001
                },
                "TrainerController.advance": {
                    "total": 408.24541444900046,
                    "count": 2593,
                    "self": 0.16709751200068013,
                    "children": {
                        "env_step": {
                            "total": 408.0783169369998,
                            "count": 2593,
                            "self": 394.9896373739994,
                            "children": {
                                "SubprocessEnvManager._take_step": {
                                    "total": 12.944272762999532,
                                    "count": 2593,
                                    "self": 0.45569292900003866,
                                    "children": {
                                        "NNPolicy.evaluate": {
                                            "total": 12.488579833999493,
                                            "count": 1971,
                                            "self": 12.488579833999493
                                        }
                                    }
                                },
                                "workers": {
                                    "total": 0.14440680000085493,
                                    "count": 2592,
                                    "self": 0.0,
                                    "children": {
                                        "worker_root": {
                                            "total": 419.1407723129998,
                                            "count": 2592,
                                            "is_parallel": true,
                                            "self": 42.41752137000066,
                                            "children": {
                                                "run_training.setup": {
                                                    "total": 0.0,
                                                    "count": 0,
                                                    "is_parallel": true,
                                                    "self": 0.0,
                                                    "children": {
                                                        "steps_from_proto": {
                                                            "total": 0.0021274509999997804,
                                                            "count": 1,
                                                            "is_parallel": true,
                                                            "self": 0.0009212749999996106,
                                                            "children": {
                                                                "_process_vector_observation": {
                                                                    "total": 0.0012061760000001698,
                                                                    "count": 2,
                                                                    "is_parallel": true,
                                                                    "self": 0.0012061760000001698
                                                                }
                                                            }
                                                        },
                                                        "UnityEnvironment.step": {
                                                            "total": 0.07815272099999859,
                                                            "count": 1,
                                                            "is_parallel": true,
                                                            "self": 0.00022388299999676065,
                                                            "children": {
                                                                "UnityEnvironment._generate_step_input": {
                                                                    "total": 0.0003186710000004922,
                                                                    "count": 1,
                                                                    "is_parallel": true,
                                                                    "self": 0.0003186710000004922
                                                                },
                                                                "communicator.exchange": {
                                                                    "total": 0.07690120400000033,
                                                                    "count": 1,
                                                                    "is_parallel": true,