{
    "name": "root",
    "metadata": {
        "timer_format_version": "0.1.0",
        "start_time_seconds": "1590418623",
        "python_version": "3.7.3 (default, Oct 11 2019, 19:39:43) \n[Clang 11.0.0 (clang-1100.0.33.12)]",
        "command_line_arguments": "/Users/alexandrecarqueja/Python/3.7/bin/mlagents-learn config/trainingConfig.yaml --run-id=firstTraining --resume",
        "mlagents_version": "0.16.0",
        "mlagents_envs_version": "0.16.0",
        "communication_protocol_version": "1.0.0",
        "tensorflow_version": "2.1.0",
        "end_time_seconds": "1590418641"
    },
    "total": 17.455088644999996,
    "count": 1,
    "self": 0.0010693979999985004,
    "children": {
        "run_training.setup": {
            "total": 0.01087229100000009,
            "count": 1,
            "self": 0.01087229100000009
        },
        "TrainerController.start_learning": {
            "total": 17.443146956,
            "count": 1,
            "self": 1.5010033449999955,
            "children": {
                "TrainerController._reset_env": {
                    "total": 2.6960910190000003,
                    "count": 1,
                    "self": 2.6960910190000003
                },
                "TrainerController.advance": {
                    "total": 12.884042427000002,
                    "count": 367,
                    "self": 0.004450149999993158,
                    "children": {
                        "env_step": {
                            "total": 12.87959227700001,
                            "count": 367,
                            "self": 12.398593856000037,
                            "children": {
                                "SubprocessEnvManager._take_step": {
                                    "total": 0.47544174399999317,
                                    "count": 367,
                                    "self": 0.013431574999984264,
                                    "children": {
                                        "NNPolicy.evaluate": {
                                            "total": 0.4620101690000089,
                                            "count": 367,
                                            "self": 0.4620101690000089
                                        }
                                    }
                                },
                                "workers": {
                                    "total": 0.005556676999978194,
                                    "count": 366,
                                    "self": 0.0,
                                    "children": {
                                        "worker_root": {
                                            "total": 16.747741909000013,
                                            "count": 366,
                                            "is_parallel": true,
                                            "self": 4.919148128000023,
                                            "children": {
                                                "run_training.setup": {
                                                    "total": 0.0,
                                                    "count": 0,
                                                    "is_parallel": true,
                                                    "self": 0.0,
                                                    "children": {
                                                        "steps_from_proto": {
                                                            "total": 0.0011733330000005537,
                                                            "count": 1,
                                                            "is_parallel": true,
                                                            "self": 0.0005232250000011263,
                                                            "children": {
                                                                "_process_vector_observation": {
                                                                    "total": 0.0006501079999994275,
                                                                    "count": 2,
                                                                    "is_parallel": true,
                                                                    "self": 0.0006501079999994275
                                                                }
                                                            }
                                                        },
                                                        "UnityEnvironment.step": {
                                                            "total": 0.0318597399999998,
                                                            "count": 1,
                                                            "is_parallel": true,
                                                            "self": 0.0001328200000001445,
                                                            "children": {
                                                                "UnityEnvironment._generate_step_input": {
                                                                    "total": 0.00018985400000026686,
                                                                    "count": 1,
                                                                    "is_parallel": true,
                                                                    "self": 0.00018985400000026686
                                                                },
                                                                "communicator.exchange": {
                                                                    "total": 0.031149553999999746,
                                                                    "count": 1,
                                                                    "is_parallel": true,
                                                                    "self": 0.031149553999999746
                                                                },
                                                                "steps_from_proto": {
                                                                    "total": 0.0003875119999996457,
                                                                    "count": 1,
                                                                    "is_parallel": true,
                                                                    "self": 0.0002732549999997502,
                                                                    "children": {
                                                                        "_process_vector_observation": {
                                                                            "total": 0.00011425699999989547,
                                                                            "count": 2,
                                                                            "is_parallel": true,
                                                                            "self": 0.00011425699999989547
                                                                        }
                                                                    }
                                                                }
                                                            }
                                                        }
                                                    }
                                                },
                                                "UnityEnvironment.step": {
                                                    "total": 11.82859378099999,
                                                    "count": 365,
                                                    "is_parallel": true,
                                                    "self": 0.04306786600000656,