{
    "name": "root",
    "gauges": {
        "GenericLearningFirstAttempt_PuzzleBehaviour.Policy.Entropy.mean": {
            "value": 0.6766993403434753,
            "min": 0.6766993403434753,
            "max": 0.7994445562362671,
            "count": 26
        },
        "GenericLearningFirstAttempt_PuzzleBehaviour.Environment.EpisodeLength.mean": {
            "value": 5.558441558441558,
            "min": 5.25625,
            "max": 5.8375,
            "count": 26
        },
        "GenericLearningFirstAttempt_PuzzleBehaviour.Policy.ExtrinsicValueEstimate.mean": {
            "value": 0.8170363306999207,
            "min": 0.803826093673706,
            "max": 0.8278357982635498,
            "count": 26
        },
        "GenericLearningFirstAttempt_PuzzleBehaviour.Environment.CumulativeReward.mean": {
            "value": 0.7218954255378324,
            "min": 0.6947916721304258,
            "max": 0.7371875014156103,
            "count": 26
        },
        "GenericLearningFirstAttempt_PuzzleBehaviour.Policy.ExtrinsicReward.mean": {
            "value": 0.7218954255378324,
            "min": 0.6947916721304258,
            "max": 0.7371875014156103,
            "count": 26
        },
        "GenericLearningFirstAttempt_PuzzleBehaviour.IsTraining.mean": {
            "value": 1.0,
            "min": 1.0,
            "max": 1.0,
            "count": 26
        },
        "GenericLearningFirstAttempt_PuzzleBehaviour.Losses.ValueLoss.mean": {
            "value": 0.0006854672683402896,
            "min": 0.0006295217899605632,
            "max": 0.008735781535506248,
            "count": 25
        },
        "GenericLearningFirstAttempt_PuzzleBehaviour.Losses.PolicyLoss.mean": {
            "value": 1.2473169565200806,
            "min": 0.6811561584472656,
            "max": 1.4777072668075562,
            "count": 25
        },
        "GenericLearningFirstAttempt_PuzzleBehaviour.Policy.LearningRate.mean": {
            "value": 5.908011189603712e-06,
            "min": 5.908011189603712e-06,
            "max": 7.351155545620713e-06,
            "count": 25
        }
    },
    "metadata": {
        "timer_format_version": "0.1.0",
        "start_time_seconds": "1590517786",
        "python_version": "3.7.3 (default, Oct 11 2019, 19:39:43) \n[Clang 11.0.0 (clang-1100.0.33.12)]",
        "command_line_arguments": "/Users/alexandrecarqueja/Python/3.7/bin/mlagents-learn config/trainingConfigSimple.yaml --run-id=GenericLearningFirstAttempt --resume",
        "mlagents_version": "0.16.0",
        "mlagents_envs_version": "0.16.0",
        "communication_protocol_version": "1.0.0",
        "tensorflow_version": "2.1.0",
        "end_time_seconds": "1590518024"
    },
    "total": 237.36123182,
    "count": 1,
    "self": 0.0013458040000102756,
    "children": {
        "run_training.setup": {
            "total": 0.014426771000000116,
            "count": 1,
            "self": 0.014426771000000116
        },
        "TrainerController.start_learning": {
            "total": 237.345459245,
            "count": 1,
            "self": 5.913196664999646,
            "children": {
                "TrainerController._reset_env": {
                    "total": 1.9605229140000002,
                    "count": 1,
                    "self": 1.9605229140000002
                },
                "TrainerController.advance": {
                    "total": 228.76061683500035,
                    "count": 5261,
                    "self": 0.0860166330015204,
                    "children": {
                        "env_step": {
                            "total": 228.67460020199883,
                            "count": 5261,
                            "self": 223.19218272499913,
                            "children": {
                                "SubprocessEnvManager._take_step": {
                                    "total": 5.392487977000552,
                                    "count": 5261,
                                    "self": 0.2224758860006668,
                                    "children": {
                                        "NNPolicy.evaluate": {
                                            "total": 5.170012090999885,
                                            "count": 2929,
                                            "self": 5.170012090999885
                                        }
                                    }
                                },
                                "workers": {
                                    "total": 0.08992949999913513,
                                    "count": 5261,
                                    "self": 0.0,
                                    "children": {
                                        "worker_root": {
                                            "total": 233.61001778000056,
                                            "count": 5261,
                                            "is_parallel": true,
                                            "self": 127.18320011400058,
                                            "children": {
                                                "run_training.setup": {
                                                    "total": 0.0,
                                                    "count": 0,
                                                    "is_parallel": true,
                                                    "self": 0.0,
                                                    "children": {
                                                        "steps_from_proto": {
                                                            "total": 0.0014025789999996263,
                                                            "count": 1,
                                                            "is_parallel": true,
                                                            "self": 0.0006870499999998003,
                                                            "children": {
                                                                "_process_vector_observation": {
                                                                    "total": 0.000715528999999826,
                                                                    "count": 2,
                                                                    "is_parallel": true,
                                                                    "self": 0.000715528999999826
                                                                }
                                                            }
                                                        },
                                                        "UnityEnvironment.step": {
                                                            "total": 0.019552800999999675,
                                                            "count": 1,
                                                            "is_parallel": true,
                                                            "self": 0.0001724929999991076,
                                                            "children": {
                                                                "UnityEnvironment._generate_step_input": {
                                                                    "total": 0.00020539000000141527,
                                                                    "count": 1,
                                                                    "is_parallel": true,
                                                                    "self": 0.00020539000000141527
                                                                },
                                                                "communicator.exchange": {
                                                                    "total": 0.018658995999999206,
                                                                    "count": 1,