{
    "name": "root",
    "gauges": {
        "PPO8x8HardV2_PuzzleBehaviour.Policy.Entropy.mean": {
            "value": 0.5368331670761108,
            "min": 0.37143027782440186,
            "max": 3.1774024963378906,
            "count": 362
        },
        "PPO8x8HardV2_PuzzleBehaviour.Environment.EpisodeLength.mean": {
            "value": 11.935064935064934,
            "min": 8.0,
            "max": 499.0,
            "count": 361
        },
        "PPO8x8HardV2_PuzzleBehaviour.Policy.ExtrinsicValueEstimate.mean": {
            "value": 0.9278172254562378,
            "min": -1.1989970207214355,
            "max": 1.0831636190414429,
            "count": 362
        },
        "PPO8x8HardV2_PuzzleBehaviour.Environment.CumulativeReward.mean": {
            "value": 1.4116883061148904,
            "min": -23.35000228881836,
            "max": 1.602325578068578,
            "count": 362
        },
        "PPO8x8HardV2_PuzzleBehaviour.Policy.ExtrinsicReward.mean": {
            "value": 1.4116883061148904,
            "min": -23.35000228881836,
            "max": 1.602325578068578,
            "count": 362
        },
        "PPO8x8HardV2_PuzzleBehaviour.IsTraining.mean": {
            "value": 1.0,
            "min": 1.0,
            "max": 1.0,
            "count": 362
        },
        "PPO8x8HardV2_PuzzleBehaviour.Losses.ValueLoss.mean": {
            "value": 0.0006638888153247535,
            "min": 0.00043188489507883787,
            "max": 0.15518546104431152,
            "count": 87
        },
        "PPO8x8HardV2_PuzzleBehaviour.Losses.PolicyLoss.mean": {
            "value": 0.19248929619789124,
            "min": 0.12406180799007416,
            "max": 0.264350026845932,
            "count": 87
        },
        "PPO8x8HardV2_PuzzleBehaviour.Policy.LearningRate.mean": {
            "value": 0.0002892092161346227,
            "min": 0.0002892092161346227,
            "max": 0.0002998578711412847,
            "count": 87
        }
    },
    "metadata": {
        "timer_format_version": "0.1.0",
        "start_time_seconds": "1590596240",
        "python_version": "3.7.3 (default, Oct 11 2019, 19:39:43) \n[Clang 11.0.0 (clang-1100.0.33.12)]",
        "command_line_arguments": "/Users/alexandrecarqueja/Python/3.7/bin/mlagents-learn config/ppoTrainingConfig/trainingConfigSuperFast.yaml --run-id=PPO8x8HardV2",
        "mlagents_version": "0.16.0",
        "mlagents_envs_version": "0.16.0",
        "communication_protocol_version": "1.0.0",
        "tensorflow_version": "2.1.0",
        "end_time_seconds": "1590596670"
    },
    "total": 430.173429047,
    "count": 1,
    "self": 0.0010458040000003166,
    "children": {
        "run_training.setup": {
            "total": 0.012236051000000359,
            "count": 1,
            "self": 0.012236051000000359
        },
        "TrainerController.start_learning": {
            "total": 430.160147192,
            "count": 1,
            "self": 20.387162352000075,
            "children": {
                "TrainerController._reset_env": {
                    "total": 6.440047014,
                    "count": 1,
                    "self": 6.440047014
                },
                "TrainerController.advance": {
                    "total": 402.7804410999999,
                    "count": 40327,
                    "self": 0.5794936840028413,
                    "children": {
                        "env_step": {
                            "total": 402.20094741599706,
                            "count": 40327,
                            "self": 341.36829240599934,
                            "children": {
                                "SubprocessEnvManager._take_step": {
                                    "total": 60.20168071200079,
                                    "count": 40326,
                                    "self": 2.369034098999556,
                                    "children": {
                                        "NNPolicy.evaluate": {
                                            "total": 57.83264661300123,
                                            "count": 40326,
                                            "self": 57.83264661300123
                                        }
                                    }
                                },
                                "workers": {
                                    "total": 0.6309742979969108,
                                    "count": 40326,
                                    "self": 0.0,
                                    "children": {
                                        "worker_root": {
                                            "total": 427.5393194949976,
                                            "count": 40326,
                                            "is_parallel": true,
                                            "self": 248.1471934949974,
                                            "children": {
                                                "run_training.setup": {
                                                    "total": 0.0,
                                                    "count": 0,
                                                    "is_parallel": true,
                                                    "self": 0.0,
                                                    "children": {
                                                        "steps_from_proto": {
                                                            "total": 0.001596959000000453,
                                                            "count": 1,
                                                            "is_parallel": true,
                                                            "self": 0.0007118220000013054,
                                                            "children": {
                                                                "_process_vector_observation": {
                                                                    "total": 0.0008851369999991476,
                                                                    "count": 2,
                                                                    "is_parallel": true,
                                                                    "self": 0.0008851369999991476
                                                                }
                                                            }
                                                        },
                                                        "UnityEnvironment.step": {
                                                            "total": 0.018170248000000555,
                                                            "count": 1,
                                                            "is_parallel": true,
                                                            "self": 0.00020641699999934815,
                                                            "children": {
                                                                "UnityEnvironment._generate_step_input": {
                                                                    "total": 0.00016428600000040205,
                                                                    "count": 1,
                                                                    "is_parallel": true,
                                                                    "self": 0.00016428600000040205
                                                                },
                                                                "communicator.exchange": {
                                                                    "total": 0.01705362100000052,
                                                                    "count": 1,
                                                                    "is_parallel": true,