{
    "name": "root",
    "gauges": {
        "PPO8x8Medium_PuzzleBehaviour.Policy.Entropy.mean": {
            "value": 0.40313440561294556,
            "min": 0.08263592422008514,
            "max": 1.8191090822219849,
            "count": 442
        },
        "PPO8x8Medium_PuzzleBehaviour.Environment.EpisodeLength.mean": {
            "value": 8.871287128712872,
            "min": 7.699115044247788,
            "max": 92.83333333333333,
            "count": 442
        },
        "PPO8x8Medium_PuzzleBehaviour.Policy.ExtrinsicValueEstimate.mean": {
            "value": 0.5934840440750122,
            "min": -0.49338045716285706,
            "max": 0.7272277474403381,
            "count": 442
        },
        "PPO8x8Medium_PuzzleBehaviour.Environment.CumulativeReward.mean": {
            "value": 1.2127450982145234,
            "min": -4.540000379085541,
            "max": 1.3596491181013877,
            "count": 442
        },
        "PPO8x8Medium_PuzzleBehaviour.Policy.ExtrinsicReward.mean": {
            "value": 1.2127450982145234,
            "min": -4.540000379085541,
            "max": 1.3596491181013877,
            "count": 442
        },
        "PPO8x8Medium_PuzzleBehaviour.IsTraining.mean": {
            "value": 1.0,
            "min": 1.0,
            "max": 1.0,
            "count": 442
        },
        "PPO8x8Medium_PuzzleBehaviour.Losses.ValueLoss.mean": {
            "value": 0.0015996354632079601,
            "min": 0.0003642135998234153,
            "max": 0.06244109570980072,
            "count": 135
        },
        "PPO8x8Medium_PuzzleBehaviour.Losses.PolicyLoss.mean": {
            "value": 0.47169163823127747,
            "min": 0.16662505269050598,
            "max": 0.7451614737510681,
            "count": 135
        },
        "PPO8x8Medium_PuzzleBehaviour.Policy.LearningRate.mean": {
            "value": 0.00026950633036904037,
            "min": 0.00026950633036904037,
            "max": 0.00028257298981770873,
            "count": 135
        }
    },
    "metadata": {
        "timer_format_version": "0.1.0",
        "start_time_seconds": "1590587198",
        "python_version": "3.7.3 (default, Oct 11 2019, 19:39:43) \n[Clang 11.0.0 (clang-1100.0.33.12)]",
        "command_line_arguments": "/Users/alexandrecarqueja/Python/3.7/bin/mlagents-learn config/ppoTrainingConfig/trainingConfigSuperFast.yaml --run-id=PPO8x8Medium --resume",
        "mlagents_version": "0.16.0",
        "mlagents_envs_version": "0.16.0",
        "communication_protocol_version": "1.0.0",
        "tensorflow_version": "2.1.0",
        "end_time_seconds": "1590587831"
    },
    "total": 632.941455909,
    "count": 1,
    "self": 0.0008150859998750093,
    "children": {
        "run_training.setup": {
            "total": 0.01443918799999988,
            "count": 1,
            "self": 0.01443918799999988
        },
        "TrainerController.start_learning": {
            "total": 632.9262016350001,
            "count": 1,
            "self": 29.505362891994764,
            "children": {
                "TrainerController._reset_env": {
                    "total": 9.982515791,
                    "count": 1,
                    "self": 9.982515791
                },
                "TrainerController.advance": {
                    "total": 592.9129186820053,
                    "count": 49123,
                    "self": 0.7228130300040903,
                    "children": {
                        "env_step": {
                            "total": 592.1901056520012,
                            "count": 49123,
                            "self": 516.9066646610127,
                            "children": {
                                "SubprocessEnvManager._take_step": {
                                    "total": 74.53888657299812,
                                    "count": 49123,
                                    "self": 2.93957387700479,
                                    "children": {
                                        "NNPolicy.evaluate": {
                                            "total": 71.59931269599333,
                                            "count": 49123,
                                            "self": 71.59931269599333
                                        }
                                    }
                                },
                                "workers": {
                                    "total": 0.7445544179904218,
                                    "count": 49122,
                                    "self": 0.0,
                                    "children": {
                                        "worker_root": {
                                            "total": 629.9507570789921,
                                            "count": 49122,
                                            "is_parallel": true,
                                            "self": 395.80692844899716,
                                            "children": {
                                                "run_training.setup": {
                                                    "total": 0.0,
                                                    "count": 0,
                                                    "is_parallel": true,
                                                    "self": 0.0,
                                                    "children": {
                                                        "steps_from_proto": {
                                                            "total": 0.0014794360000003337,
                                                            "count": 1,
                                                            "is_parallel": true,
                                                            "self": 0.0006490419999991559,
                                                            "children": {
                                                                "_process_vector_observation": {
                                                                    "total": 0.0008303940000011778,
                                                                    "count": 2,
                                                                    "is_parallel": true,
                                                                    "self": 0.0008303940000011778
                                                                }
                                                            }
                                                        },
                                                        "UnityEnvironment.step": {
                                                            "total": 0.029032234999998963,
                                                            "count": 1,
                                                            "is_parallel": true,
                                                            "self": 0.0002635439999991718,
                                                            "children": {
                                                                "UnityEnvironment._generate_step_input": {
                                                                    "total": 0.00028033099999902333,
                                                                    "count": 1,
                                                                    "is_parallel": true,
                                                                    "self": 0.00028033099999902333
                                                                },
                                                                "communicator.exchange": {
                                                                    "total": 0.027625731000000542,
                                                                    "count": 1,
                                                                    "is_parallel": true,