{
    "name": "root",
    "gauges": {
        "PPOtestNumEpoch_PuzzleBehaviour.Policy.Entropy.mean": {
            "value": 1.0230258703231812,
            "min": 0.9918087124824524,
            "max": 2.9947807788848877,
            "count": 803
        },
        "PPOtestNumEpoch_PuzzleBehaviour.Environment.EpisodeLength.mean": {
            "value": 8.045454545454545,
            "min": 7.842105263157895,
            "max": 77.38461538461539,
            "count": 803
        },
        "PPOtestNumEpoch_PuzzleBehaviour.Policy.ExtrinsicValueEstimate.mean": {
            "value": 1.0877565145492554,
            "min": -0.3853811025619507,
            "max": 1.1822227239608765,
            "count": 803
        },
        "PPOtestNumEpoch_PuzzleBehaviour.Environment.CumulativeReward.mean": {
            "value": 1.6231818437576293,
            "min": -2.115384872143085,
            "max": 1.6785047032008662,
            "count": 803
        },
        "PPOtestNumEpoch_PuzzleBehaviour.Policy.ExtrinsicReward.mean": {
            "value": 1.6231818437576293,
            "min": -2.115384872143085,
            "max": 1.6785047032008662,
            "count": 803
        },
        "PPOtestNumEpoch_PuzzleBehaviour.IsTraining.mean": {
            "value": 1.0,
            "min": 1.0,
            "max": 1.0,
            "count": 803
        },
        "PPOtestNumEpoch_PuzzleBehaviour.Losses.ValueLoss.mean": {
            "value": 0.004281064495444298,
            "min": 0.0026883436366915703,
            "max": 0.3091141879558563,
            "count": 19
        },
        "PPOtestNumEpoch_PuzzleBehaviour.Losses.PolicyLoss.mean": {
            "value": 0.24248310923576355,
            "min": 0.12824170291423798,
            "max": 0.24248310923576355,
            "count": 19
        },
        "PPOtestNumEpoch_PuzzleBehaviour.Policy.LearningRate.mean": {
            "value": 0.00027700213831849396,
            "min": 0.00027700213831849396,
            "max": 0.0002986104227602482,
            "count": 19
        }
    },
    "metadata": {
        "timer_format_version": "0.1.0",
        "start_time_seconds": "1590545567",
        "python_version": "3.7.3 (default, Oct 11 2019, 19:39:43) \n[Clang 11.0.0 (clang-1100.0.33.12)]",
        "command_line_arguments": "/Users/alexandrecarqueja/Python/3.7/bin/mlagents-learn config/ppoTrainingConfig/trainingConfigNumEpoch.yaml --run-id=PPOtestNumEpoch",
        "mlagents_version": "0.16.0",
        "mlagents_envs_version": "0.16.0",
        "communication_protocol_version": "1.0.0",
        "tensorflow_version": "2.1.0",
        "end_time_seconds": "1590546546"
    },
    "total": 979.115951439,
    "count": 1,
    "self": 0.0010637270000870558,
    "children": {
        "run_training.setup": {
            "total": 0.013819424000000247,
            "count": 1,
            "self": 0.013819424000000247
        },
        "TrainerController.start_learning": {
            "total": 979.101068288,
            "count": 1,
            "self": 38.34874688400794,
            "children": {
                "TrainerController._reset_env": {
                    "total": 5.8081929940000006,
                    "count": 1,
                    "self": 5.8081929940000006
                },
                "TrainerController.advance": {
                    "total": 934.170138115992,
                    "count": 89307,
                    "self": 1.1595665920015108,
                    "children": {
                        "env_step": {
                            "total": 933.0105715239905,
                            "count": 89307,
                            "self": 815.8774834750083,
                            "children": {
                                "SubprocessEnvManager._take_step": {
                                    "total": 115.89501383198805,
                                    "count": 89307,
                                    "self": 4.367994652987704,
                                    "children": {
                                        "NNPolicy.evaluate": {
                                            "total": 111.52701917900035,
                                            "count": 89307,
                                            "self": 111.52701917900035
                                        }
                                    }
                                },
                                "workers": {
                                    "total": 1.2380742169942245,
                                    "count": 89307,
                                    "self": 0.0,
                                    "children": {
                                        "worker_root": {
                                            "total": 968.1294836230321,
                                            "count": 89307,
                                            "is_parallel": true,
                                            "self": 616.8847781330207,
                                            "children": {
                                                "run_training.setup": {
                                                    "total": 0.0,
                                                    "count": 0,
                                                    "is_parallel": true,
                                                    "self": 0.0,
                                                    "children": {
                                                        "steps_from_proto": {
                                                            "total": 0.0013533330000008448,
                                                            "count": 1,
                                                            "is_parallel": true,
                                                            "self": 0.0005843200000015258,
                                                            "children": {
                                                                "_process_vector_observation": {
                                                                    "total": 0.0007690129999993189,
                                                                    "count": 2,
                                                                    "is_parallel": true,
                                                                    "self": 0.0007690129999993189
                                                                }
                                                            }
                                                        },
                                                        "UnityEnvironment.step": {
                                                            "total": 0.02012820899999923,
                                                            "count": 1,
                                                            "is_parallel": true,
                                                            "self": 0.00024316800000079297,
                                                            "children": {
                                                                "UnityEnvironment._generate_step_input": {
                                                                    "total": 0.00047334099999929435,
                                                                    "count": 1,
                                                                    "is_parallel": true,
                                                                    "self": 0.00047334099999929435
                                                                },
                                                                "communicator.exchange": {
                                                                    "total": 0.01870541999999986,
                                                                    "count": 1,
                                                                    "is_parallel": true,