Steps,Policy/Entropy,Environment/Episode Length,Policy/Extrinsic Value Estimate,Environment/Cumulative Reward,Policy/Extrinsic Reward,Is Training
71000,1.0436538,454.1111111111111,3.7989619,-3.000000476837158,-3.000000476837158,1.0
72000,1.2602577,None,3.9484653,-24.100003242492676,-24.100003242492676,1.0
73000,1.5169755,23.0,4.1279526,-23.95000457763672,-23.95000457763672,1.0
74000,1.4539706,None,3.341309,-24.250001907348633,-24.250001907348633,1.0
