{
    "name": "root",
    "metadata": {
        "timer_format_version": "0.1.0",
        "start_time_seconds": "1590427802",
        "python_version": "3.7.3 (default, Oct 11 2019, 19:39:43) \n[Clang 11.0.0 (clang-1100.0.33.12)]",
        "command_line_arguments": "/Users/alexandrecarqueja/Python/3.7/bin/mlagents-learn config/trainingConfig.yaml --run-id=secondTraining --force",
        "mlagents_version": "0.16.0",
        "mlagents_envs_version": "0.16.0",
        "communication_protocol_version": "1.0.0",
        "tensorflow_version": "2.1.0",
        "end_time_seconds": "1590428215"
    },
    "total": 412.42207886299997,
    "count": 1,
    "self": 0.0015467529999568796,
    "children": {
        "run_training.setup": {
            "total": 0.09516439200000093,
            "count": 1,
            "self": 0.09516439200000093
        },
        "TrainerController.start_learning": {
            "total": 412.325367718,
            "count": 1,
            "self": 9.263797883999814,
            "children": {
                "TrainerController._reset_env": {
                    "total": 10.478229771999999,
                    "count": 1,
                    "self": 10.478229771999999
                },
                "TrainerController.advance": {
                    "total": 392.58334006200016,
                    "count": 3952,
                    "self": 0.1309915790000673,
                    "children": {
                        "env_step": {
                            "total": 392.4523484830001,
                            "count": 3952,
                            "self": 380.16041068800075,
                            "children": {
                                "SubprocessEnvManager._take_step": {
                                    "total": 12.153639705000387,
                                    "count": 3952,
                                    "self": 0.42234943300017846,
                                    "children": {
                                        "NNPolicy.evaluate": {
                                            "total": 11.731290272000209,
                                            "count": 2967,
                                            "self": 11.731290272000209
                                        }
                                    }
                                },
                                "workers": {
                                    "total": 0.13829808999896898,
                                    "count": 3951,
                                    "self": 0.0,
                                    "children": {
                                        "worker_root": {
                                            "total": 351.79536136500155,
                                            "count": 3951,
                                            "is_parallel": true,
                                            "self": 48.033158912003046,
                                            "children": {
                                                "run_training.setup": {
                                                    "total": 0.0,
                                                    "count": 0,
                                                    "is_parallel": true,
                                                    "self": 0.0,
                                                    "children": {
                                                        "steps_from_proto": {
                                                            "total": 0.003352290000002256,
                                                            "count": 1,
                                                            "is_parallel": true,
                                                            "self": 0.0015677530000033357,
                                                            "children": {
                                                                "_process_vector_observation": {
                                                                    "total": 0.0017845369999989202,
                                                                    "count": 2,
                                                                    "is_parallel": true,
                                                                    "self": 0.0017845369999989202
                                                                }
                                                            }
                                                        },
                                                        "UnityEnvironment.step": {
                                                            "total": 0.09408426800000314,
                                                            "count": 1,
                                                            "is_parallel": true,
                                                            "self": 0.0003923239999963357,
                                                            "children": {
                                                                "UnityEnvironment._generate_step_input": {
                                                                    "total": 0.0003998530000046685,
                                                                    "count": 1,
                                                                    "is_parallel": true,
                                                                    "self": 0.0003998530000046685
                                                                },
                                                                "communicator.exchange": {
                                                                    "total": 0.09237798600000247,
                                                                    "count": 1,
                                                                    "is_parallel": true,
                                                                    "self": 0.09237798600000247
                                                                },
                                                                "steps_from_proto": {
                                                                    "total": 0.0009141049999996653,
                                                                    "count": 1,
                                                                    "is_parallel": true,
                                                                    "self": 0.0005285510000021532,
                                                                    "children": {
                                                                        "_process_vector_observation": {
                                                                            "total": 0.00038555399999751216,
                                                                            "count": 2,
                                                                            "is_parallel": true,
                                                                            "self": 0.00038555399999751216
                                                                        }
                                                                    }
                                                                }
                                                            }
                                                        }
                                                    }
                                                },
                                                "UnityEnvironment.step": {
                                                    "total": 303.7622024529985,
                                                    "count": 3950,
                                                    "is_parallel": true,
                                                    "self": 1.3136524399974405,